FDIS,Fidelity MSCI Consumer Discretionary Index ETF
FDIV,First Trust Strategic Income ETF
FDL,First Trust Morningstar ETF
FDLO,Fidelity Low Volatility Factor ETF
FDM,First Trust DJ Select MicroCap ETF
FDMO,Fidelity Momentum Factor ETF
FDN,First Trust DJ Internet Index Fund
FDNI,First Trust Dow Jones International Internet ETF
FDRR,Fidelity Dividend ETF for Rising Rates
FDT,First Trust Developed Markets Ex-US AlphaDEX Fund
FDTS,First Trust Developed Markets Ex-US Small Cap AlphaDEX Fund
FDVV,Fidelity High Dividend ETF
FDWM,Fidelity Women's Leadership ETF
FEDX,Emles Federal Contractors ETF
FEHY,FlexShares ESG & Climate High Yield Corporate Core Index Fund
FEM,First Trust Emerging Markets AlphaDEX Fund
FEMB,First Trust Emerging Markets Local Currency Bond ETF
FEMS,First Trust Emerging Markets Small Cap AlphaDEX Fund
FENY,Fidelity MSCI Energy Index ETF
FEP,First Trust Europe AlphaDEX Fund
FEUL,Credit Suisse AG
FEUS,FlexShares ESG & Climate US Large Cap Core Index Fund
FEUZ,First Trust Eurozone AlphaDEX ETF
FEVR,Northern Lights Fund Trust IV Inspire Faithward Large Cap Mome
FEX,First Trust Large Cap Core AlphaDEX Fund
FEZ,SPDR DJ Euro STOXX 50 Etf
FFEB,FT Cboe Vest U.S. Equity Buffer ETF - February
FFHG,Formula Folios Hedged Growth ETF 
FFIU,UVA Unconstrained Medium-Term Fixed Income ETF
FFND,The Future Fund Active ETF
FFR,First Trust FTSE EPRA/NAREIT Global Real Estate Index Fund
FFSG,FormulaFolios Smart Growth ETF
FFTG,FormulaFolios Tactical Growth ETF
FFTI,FormulaFolios Tactical Income ETF
FFTY,Innovator IBD 50 ETF
FGD,First Trust DJ Global Select Dividend
FGM,First Trust Germany AlphaDEX Fund
FGRO,Fidelity Growth Opportunities ETF
FHLC,Fidelity MSCI Health Care Index ETF
FIBR,iShares U.S. Fixed Income Balanced Risk Factor ETF
FICS,First Trust International Developed Capital Strength ETF
FID,First Trust S&P International Dividend Aristocrats ETF
FIDI,Fidelity International High Dividend ETF
FIDU,Fidelity MSCI Industrials Index ETF
FIEE,UBS AG
FIGB,Fidelity Investment Grade Bond ETF
FIHD,UBS AG
FILL,iShares MSCI Global Energy Producers Fund
FINX,Global X FinTech ETF
FISR,SPDR SSGA Fixed Income Sector Rotation ETF
FITE,SPDR S&P Kensho Future Security ETF 
FIVA,Fidelity International Value Factor ETF
FIVG,Defiance Next Gen Connectivity ETF
FIW,First Trust Water ETF
FIXD,First Trust TCW Opportunistic Fixed Income ETF
FJAN,FT Cboe Vest U.S. Equity Buffer ETF - January
FJP,First Trust Japan AlphaDEX Fund
FJUL,FT Cboe Vest U.S. Equity Buffer ETF - July
FJUN,FT Cboe Vest U.S. Equity Buffer ETF - June
FKU,First Trust United Kingdom AlphaDEX Fund
FLAU,Franklin FTSE Australia ETF
FLAX,Franklin FTSE Asia ex Japan ETF
FLBL,Franklin Liberty Senior Loan ETF
FLBR,Franklin FTSE Brazil ETF
FLCA,Franklin FTSE Canada ETF
FLCB,Franklin Liberty U.S. Core Bond ETF
FLCH,Franklin FTSE China ETF
FLCO,Franklin Liberty Investment Grade Corporate ETF
FLDR,Fidelity Low Duration Bond Factor ETF
FLEE,Franklin FTSE Europe ETF
FLEH,Franklin FTSE Europe Hedged ETF
FLFR,Franklin FTSE France ETF
FLGB,Franklin FTSE United Kingdom ETF
FLGE,Credit Suisse AG
FLGR,Franklin FTSE Germany ETF
FLGV,Franklin Liberty U.S. Treasury Bond ETF
FLHK,Franklin FTSE Hong Kong ETF
FLHY,Franklin Liberty High Yield Corporate ETF
FLIA,Franklin Liberty International Aggregate Bond ETF
FLIN,Franklin FTSE India ETF
FLIY,Franklin FTSE Italy ETF
FLJH,Franklin FTSE Japan Hedged ETF
FLJP,Franklin FTSE Japan ETF
FLKR,Franklin FTSE South Korea ETF
FLLA,Franklin FTSE Latin America ETF
FLLV,Franklin Liberty U.S. Low Volatility ETF
FLM,First Trust Global Engineering and Construction ETF
FLMB,Franklin Templeton ETF Trust Franklin Liberty Federal Tax-Free
FLMI,Franklin Templeton ETF Trust Franklin Liberty Federal Intermed
FLMX,Franklin FTSE Mexico ETF
FLN,First Trust Latin America AlphaDEX Fund
FLOT,iShares Floating Rate Bond ETF
FLQD,Franklin LibertyQ Global Dividend ETF
FLQE,Franklin LibertyQ Emerging Markets ETF
FLQG,Franklin LibertyQ Global Equity ETF
FLQH,Franklin LibertyQ International Equity Hedged ETF
FLQL,Franklin LibertyQ U.S. Equity ETF
FLQM,Franklin LibertyQ U.S. Mid Cap Equity ETF
FLQS,Franklin LibertyQ U.S. Small Cap Equity ETF
FLRG,Fidelity U.S. Multifactor ETF
FLRN,SPDR Bloomberg Investment Grade Floating Rate ETF
FLRT,Pacer Funds Pacer Pacific Asset Floating Rate High Income ETF
FLRU,Franklin FTSE Russia ETF
FLSA,Franklin FTSE Saudi Arabia ETF
FLSP,Franklin Liberty Systematic Style Premia ETF
FLSW,Franklin FTSE Switzerland ETF
FLTB,Fidelity Limited Term Bond ETF
FLTR,VanEck Investment Grade Floating Rate ETF 
FLTW,Franklin FTSE Taiwan ETF
FLUD,Franklin Liberty Ultra Short Bond ETF
FLV,American Century Focused Large Cap Value ETF
FLYT,Direxion Flight to Safety Strategy ETF
FLZA,Franklin FTSE South Africa ETF
FM,iShares MSCI Frontier and Select EM ETF
FMAG,Fidelity Magellan ETF
FMAT,Fidelity MSCI Materials Index ETF
FMAY,FT Cboe Vest U.S. Equity Buffer ETF - May
FMB,First Trust Managed Municipal ETF
FMF,First Trust Managed Futures Strategy Fund
FMHI,First Trust Municipal High Income ETF
FMIL,Fidelity New Millennium ETF
FNCL,Fidelity MSCI Financials Index ETF
FNDA,Schwab Fundamental U.S. Small Company Index ETF
FNDB,Schwab Fundamental U.S. Broad Market Index ETF
FNDC,Schwab Fundamental International Small Company Index ETF
FNDE,Schwab Fundamental Emerging Markets Large Company Index ETF
FNDF,Schwab Fundamental International Large Company Index ETF
FNDX,Schwab Fundamental U.S. Large Company Index ETF
FNGD,Bank Of Montreal
FNGO,Bank Of Montreal
FNGS,MicroSectors FANG  ETNs due January 8 2038
FNGU,Bank Of Montreal
FNGZ,Bank Of Montreal
FNI,First Trust Chindia ETF
FNK,First Trust Mid Cap Value AlphaDEX Fund
FNOV,FT Cboe Vest U.S. Equity Buffer ETF - November
FNX,First Trust Mid Cap Core AlphaDEX Fund
FNY,First Trust Mid Cap Growth AlphaDEX Fund
FOCT,FT Cboe Vest U.S. Equity Buffer ETF - October
FORH,Formidable ETF
FOVL,iShares Focused Value Factor ETF
FPA,First Trust Asia Pacific Ex-Japan AlphaDEX Fund
FPE,First Trust Preferred Securities and Income ETF ETF
FPEI,First Trust Institutional Preferred Securities and Income ETF
FPFD,Fidelity Preferred Securities & Income ETF
FPRO,Fidelity Real Estate Investment ETF
FPX,First Trust US Equity Opportunities ETF
FPXE,First Trust IPOX Europe Equity Opportunities ETF
FPXI,First Trust International Equity Opportunities ETF
FQAL,Fidelity Quality Factor ETF
FRDM,Freedom 100 Emerging Markets ETF
FREL,Fidelity MSCI Real Estate Index ETF
FRI,First Trust S&P REIT Index Fund
FRLG,Goldman Sachs Group Inc. (The)
FRTY,Alger Mid Cap 40 ETF
FSEC,Fidelity Investment Grade Securitized ETF
FSEP,FT Cboe Vest U.S. Equity Buffer ETF - September
FSMB,First Trust Short Duration Managed Municipal ETF
FSMD,Fidelity Small-Mid Multifactor ETF
FSMO,Fidelity Small-Mid Cap Opportunities ETF
FSST,Fidelity Sustainability U.S. Equity ETF
FSTA,Fidelity MSCI Consumer Staples Index ETF
FSZ,First Trust Switzerland AlphaDEX Fund
FTA,First Trust Large Cap Value AlphaDEX Fund
FTAG,First Trust Indxx Global Agriculture ETF
FTC,First Trust Large Cap Growth AlphaDEX Fund
FTCS,First Trust Capital Strength ETF
FTEC,Fidelity MSCI Information Technology Index ETF
FTGC,First Trust Global Tactical Commodity Strategy Fund
FTHI,First Trust BuyWrite Income ETF
FTLB,First Trust Hedged BuyWrite Income ETF
FTLS,First Trust Long/Short Equity
FTRI,First Trust Indxx Global Natural Resources Income ETF
FTSD,Franklin Liberty Short Duration U.S. Government ETF
FTSL,First Trust Senior Loan Fund ETF
FTSM,First Trust Enhanced Short Maturity ETF
FTXD,First Trust Nasdaq Retail ETF
FTXG,First Trust Nasdaq Food & Beverage ETF
FTXH,First Trust Nasdaq Pharmaceuticals ETF
FTXL,First Trust Nasdaq Semiconductor ETF
FTXN,First Trust Nasdaq Oil & Gas ETF
FTXO,First Trust Nasdaq Bank ETF
FTXR,First Trust Nasdaq Transportation ETF
FUE,AB Svensk Ekportkredit (Swedish Export Credit Corporation)
FUMB,First Trust Ultra Short Duration Municipal ETF
FUNL,CornerCap Fundametrics Large-Cap ETF
FUT,ProShares Managed Futures Strategy ETF
FUTY,Fidelity MSCI Utilities Index ETF
FV,First Trust Dorsey Wright Focus 5 ETF
FVAL,Fidelity Value Factor ETF
FVC,First Trust Dorsey Wright Dynamic Focus 5 ETF
FVD,First Trust VL Dividend
FXA,Invesco CurrencyShares Australian Dollar Trust
FXB,Invesco CurrencyShares British Pound Sterling Trust
FXC,Invesco CurrencyShares Canadian Dollar Trust
FXD,First Trust Cons. Discret. AlphaDEX
FXE,Invesco CurrencyShares Euro Currency Trust
FXF,Invesco CurrencyShares Swiss Franc Trust
FXG,First Trust Cons. Staples AlphaDEX
FXH,First Trust Health Care AlphaDEX
FXI,iShares China Large-Cap ETF
FXL,First Trust Technology AlphaDEX
FXN,First Trust Energy AlphaDEX Fund
FXO,First Trust Financials AlphaDEX
FXP,ProShares UltraShort FTSE China 50
FXR,First Trust Industrials AlphaDEX
FXU,First Trust Utilities AlphaDEX Fund
FXY,Invesco CurrencyShares Japanese Yen Trust
FXZ,First Trust Materials AlphaDEX Fund
FYC,First Trust Small Cap Growth AlphaDEX Fund
FYLD,Cambria Foreign Shareholder Yield ETF
FYT,First Trust Small Cap Value AlphaDEX Fund
FYX,First Trust Small Cap Core AlphaDEX Fund
GAA,Cambria Global Asset Allocation ETF
GAL,SPDR SSGA Global Allocation ETF
GAMR,Wedbush ETFMG Video Game Tech ETF
GAZ,Barclays PLC
GBDV,Global Beta ETF Trust Global Beta Smart Income ETF
GBF,iShares Government/Credit Bond ETF
GBGR,Global Beta Rising Stars ETF
GBIL,Goldman Sachs Access Treasury 0-1 Year ETF
GBLD,Invesco MSCI Green Building ETF
GBLO,Global Beta Low Beta ETF
GBUG,Barclays Bank PLC Pacer iPath Gold ETNs
GCC,WisdomTree EnhancedContinuous Commodity Index Fund
GCOR,Goldman Sachs ETF Trust Goldman Sachs Access U.S. Aggregate Bo
GCOW,Pacer Global Cash Cows Dividend ETF
GDMA,GadsdenA DynamicA Multi-AssetA ETF
GDX,VanEck Gold Miners ETF 
GDXD,MicroSectors Gold Miners -3X Inverse Leveraged ETNs
GDXJ,VanEck Junior Gold Miners ETF
GDXU,MicroSectors Gold Miners 3X Leveraged ETN
GEM,Goldman Sachs ActiveBeta Emerging Markets Equity ETF
GENY,Principal Millennials ETF
GERM,ETFMG Treatments Testing and Advancements ETF
GGRW,Gabelli Growth Innovators ETF
GHYB,Goldman Sachs Access High Yield Corporate Bond ETF
GHYG,iShares US & Intl High Yield Corp Bond ETF
GIGB,Goldman Sachs Access Investment Grade Corporate Bond ETF
GIGE,SoFi Gig Economy ETF
GII,SPDR S&P Global Infrastructure ETF
GINN,Goldman Sachs Innovate Equity ETF
GK,AdvisorShares Gerber Kawasaki ETF
GLCN,VanEck China Growth Leaders ETF
GLD,SPDR Gold Trust
GLDI,Credit Suisse AG
GLDM,SPDR Gold MiniShares Trust
GLIF,AGFiQ Global Infrastructure ETF
GLIN,VanEck India Growth Leaders ETF
GLL,ProShares UltraShort Gold
GLRY,Northern Lights Fund Trust IV Inspire Faithward Mid Cap Moment
GLTR,Aberdeen Standard Physical Precious Metals Basket Shares ETF
GMF,SPDR S&P Emerging Asia Pacific ETF
GMOM,Cambria Global Momentum ETF
GNAF,Bank Of Montreal
GNMA,iShares GNMA Bond ETF
GNOM,Global X Genomics & Biotechnology ETF
GNR,SPDR S&P Global Natural Resources ETF
GOAT,VanEck Morningstar Global Wide Moat ETF
GOAU,US Global GO Gold and Precious Metal Miners ETF
GOEX,Global X Gold Explorers ETF
GOVT,iShares U.S. Treasury Bond ETF
GOVZ,iShares 25  Year Treasury STRIPS Bond ETF
GQRE,FlexShares Global Quality Real Estate Index Fund
GREK,Global X MSCI Greece ETF
GRES,IQ ARB Global Resources ETF
GRID,First Trust NASDAQ Clean Edge Smart Grid Infrastructure Index 
GRN,Barclays PLC
GRNB,VanEck Green Bond ETF
GRU,AB Svensk Ekportkredit (Swedish Export Credit Corporation)
GSEU,Goldman Sachs ActiveBeta Europe Equity ETF
GSEW,Goldman Sachs Equal Weight U.S. Large Cap Equity ETF
GSG,iShares GSCI Commodity-Indexed Trust Fund
GSIE,Goldman Sachs ActiveBeta International Equity ETF
GSIG,Golden Sachs ETF Trust Goldman Sachs Access Investment Grade C
GSJY,Goldman Sachs ActiveBeta Japan Equity ETF
GSLC,Goldman Sachs ActiveBeta U.S. Large Cap Equity ETF
GSP,Barclays PLC
GSPY,Gotham Enhanced 500 ETF
GSSC,GS ActiveBeta U.S. Small Cap Equity ETF
GSST,Goldman Sachs Access Ultra Short Bond ETF
GSUS,Goldman Sachs MarketBeta U.S. Equity ETF
GSY,Invesco Ultra Short Duration ETF
GTO,Invesco Total Return Bond ETF
GUNR,FlexShares Global Upstream Natural Resources Index Fund ETF
GURU,Global X Guru Index ETF
GUSH,Direxion Daily S&P Oil & Gas Exp. & Prod. Bull 2X Shares
GVAL,Cambria Global Value ETF
GVI,iShares Intermediate Government/Credit Bond ETF
GVIP,Goldman Sachs Hedge Industry VIP ETF
GWX,SPDR S&P International SmallCap ETF
GXC,SPDR S&P China ETF
GXG,Global X MSCI Colombia ETF
GXTG,Global X Thematic Growth ETF
GYLD,Arrow Dow Jones Global Yield ETF ETF
HACK,ETFMG Prime Cyber Security ETF
HAIL,SPDR S&P Kensho Smart Mobility ETF
HAP,VanEck Natural Resources ETF
HART,IQ Healthy Hearts ETF
HAUZ,Xtrackers International Real Estate ETF
HAWX,iShares Currency Hedged MSCI ACWI ex U.S. ETF
HCRB,Hartford Core Bond ETF
HDAW,Xtrackers MSCI All World ex US High Dividend Yield Equity ETF
HDEF,Xtrackers MSCI EAFE High Dividend Yield Equity ETF
HDG,ProShares Hedge Replication ETF
HDGE,Ranger Equity Bear Bear ETF
HDIV,QRAFT AI-Enhanced U.S. High Dividend ETF
HDLB,ETRACS Monthly Pay 2xLeveraged US High Dividend Low Volatility
HDMV,First Trust Exchange-Traded Fund III First Trust Horizon Manag
HDRO,ETF Series Solutions Defiance Next Gen H2 ETF
HDV,iShares Core High Dividend ETF
HEDJ,WisdomTree Europe Hedged Equity Fund
HEEM,iShares Currency Hedged MSCI Emerging Markets ETF
HEET,Hartford Schroders ESG US Equity ETF
HEFA,iShares Currency Hedged MSCI EAFE ETF
HEGD,Swan Hedged Equity US Large Cap ETF
HELX,Franklin Genomic Advancements ETF
HERD,Pacer Cash Cows Fund of Funds ETF
HERO,Global X Video Games & Esports ETF
HEWC,iShares Currency Hedged MSCI Canada ETF
HEWG,iShares Currency Hedged MSCI Germany ETF
HEWJ,iShares Currency Hedged MSCI Japan ETF
HEWU,iShares Currency Hedged MSCI United Kingdom ETF
HEZU,iShares Currency Hedged MSCI Eurozone ETF
HFXI,IQ 50 Percent Hedged FTSE International ETF
HIBL,Direxion Daily S&P 500 High Beta Bull 3X Shares
HIBS,Direxion Daily S&P 500 High Beta Bear 3X Shares
HIPS,GraniteShares HIPS US High Income ETF
HJEN,Direxion Hydrogen ETF
HJPX,iShares Currency Hedged JPX-Nikkei 400 ETF
HKND,Humankind US Stock ETF
HLAL,Wahed FTSE USA Shariah ETF
HLGE,Hartford Longevity Economy ETF
HMOP,Hartford Municipal Opportunities ETF
HNDL,Strategy Shares Nasdaq 7HANDL Index ETF
HOLD,AdvisorShares North Square McKee Core Reserves ETF.
HOMZ,Hoya Capital Housing ETF
HSCZ,iShares Currency Hedged MSCI EAFE Small-Cap ETF
HSMV,First Trust Horizon Managed Volatility Small/Mid ETF
HSRT,Hartford Short Duration ETF
HTAB,Hartford Schroders Tax-Aware Bond ETF
HTEC,ROBO Global Healthcare Technology and Innovation ETF
HTRB,Hartford Total Return Bond ETF
HTUS,HULL Tactical US ETF
HUSV,First Trust Exchange-Traded Fund III First Trust Horizon Manag
HYBB,iShares BB Rated Corporate Bond ETF
HYD,VanEck ETF Trust VanEck High Yield Muni ETF
HYDB,iShares High Yield Bond Factor ETF
HYDR,Global X Hydrogen ETF
HYDW,Xtrackers Low Beta High Yield Bond ETF
HYEM,VanEck Emerging Markets High Yield Bond ETF
HYG,iShares iBoxx $ High Yield Corporate Bond ETF
HYGH,iShares Interest Rate Hedged High Yield Bond ETF
HYGV,FlexShares High Yield Value-Scored Bond Index Fund
HYHG,ProShares High Yield Interest Rate Hedged
HYLB,Xtrackers USD High Yield Corporate Bond ETF
HYLD,High Yield ETF
HYLS,First Trust Tactical High Yield ETF
HYLV,IndexIQ ETF Trust IQ S&P High Yield Low Volatility Bond ETF
HYMB,SPDR Nuveen Bloomberg High Yield Municipal Bond ETF
HYMU,BlackRock High Yield Muni Income Bond ETF
HYS,PIMCO 0-5 Year High Yield Corporat Bond Index Exchange-Traded 
HYTR,CP High Yield Trend ETF
HYUP,Xtrackers High Beta High Yield Bond ETF
HYXF,iShares ESG Advanced High Yield Corporate Bond ETF
HYXU,iShares International High Yield Bond ETF
HYZD,WisdomTree Interest Rate Hedged High Yield Bond Fund
IAGG,iShares International Aggregate Bond Fund
IAI,iShares U.S. Broker-Dealers & Securities Exchanges ETF
IAK,iShares U.S. Insurance ETF
IAPR,Innovator International Developed Power Buffer ETF  April
IAT,iShares U.S. Regional Banks ETF
IAU,iShares Gold Trust Shares of the iShares Gold Trust
IAUF,iShares Gold Strategy ETF
IAUM,iShares Gold Trust Micro iShares Gold Trust Micro ETV Shares r
IBB,iShares Biotechnology ETF
IBBJ,Defiance Nasdaq Junior Biotechnology ETF
IBBQ,Invesco Nasdaq Biotechnology ETF
IBCE,iShares iBonds Mar 2023 Term Corporate ex-Financials ETF
IBD,Inspire Corporate Bond Impact ETF
IBDD,iShares iBonds Mar 2023 Term Corporate ETF
IBDM,iShares iBonds Dec 2021 Term Corporate ETF
IBDN,iShares iBonds Dec 2022 Term Corporate ETF
IBDO,iShares iBonds Dec 2023 Term Corporate ETF
IBDP,iShares iBonds Dec 2024 Term Corporate ETF
IBDQ,iShares iBonds Dec 2025 Term Corporate ETF
IBDR,iShares iBonds Dec 2026 Term Corporate ETF
IBDS,iShares iBonds Dec 2027 Term Corporate ETF
IBDT,iShares iBonds Dec 2028 Term Corporate ETF
IBDU,iShares iBonds Dec 2029 Term Corporate ETF
IBDV,iShares iBonds Dec 2030 Term Corporate ETF
IBDW,iShares iBonds Dec 2031 Term Corporate ETF
IBHA,iShares iBonds 2021 Term High Yield and Income ETF
IBHB,iShares iBonds 2022 Term High Yield and Income ETF
IBHC,iShares iBonds 2023 Term High Yield and Income ETF
IBHD,iShares iBonds 2024 Term High Yield and Income ETF
IBHE,iShares iBonds 2025 Term High Yield and Income ETF
IBHF,iShares iBonds 2026 Term High Yield and Income ETF
IBHG,iShares iBonds 2027 Term High Yield and Income ETF
IBMJ,iShares iBonds Dec 2021 Term Muni Bond ETF
IBMK,iShares iBonds Dec 2022 Term Muni Bond ETF
IBML,iShares iBonds Dec 2023 Term Muni Bond ETF
IBMM,iShares iBonds Dec 2024 Term Muni Bond ETF
IBMN,iShares iBonds Dec 2025 Term Muni Bond ETF
IBMO,iShares iBonds Dec 2026 Term Muni Bond ETF
IBMP,iShares iBonds Dec 2027 Term Muni Bond ETF
IBMQ,iShares iBonds Dec 2028 Term Muni Bond ETF
IBND,SPDR Bloomberg International Corporate Bond ETF
IBTA,iShares iBonds Dec 2021 Term Treasury ETF
IBTB,iShares iBonds Dec 2022 Term Treasury ETF
IBTD,iShares iBonds Dec 2023 Term Treasury ETF
IBTE,iShares iBonds Dec 2024 Term Treasury ETF
IBTF,iShares iBonds Dec 2025 Term Treasury ETF
IBTG,iShares iBonds Dec 2026 Term Treasury ETF
IBTH,iShares iBonds Dec 2027 Term Treasury ETF
IBTI,iShares iBonds Dec 2028 Term Treasury ETF
IBTJ,iShares iBonds Dec 2029 Term Treasury ETF
IBTK,iShares iBonds Dec 2030 Term Treasury ETF
IBUY,Amplify ETF Trust Amplify Online Retail ETF
ICF,iShares Cohen & Steers REIT ETF
ICLN,iShares S&P Global Clean Energy Index Fund
ICOL,iShares Inc iShares MSCI Colombia ETF
ICOW,Pacer Developed Markets International Cash Cows 100 ETF
ICSH,BlackRock Ultra Short-Term Bond ETF
ICVT,iShares Convertible Bond ETF
IDAT,iShares Cloud 5G and Tech ETF
IDEV,iShares Core MSCI International Developed Markets ETF
IDHD,Invesco S&P International Developed High Dividend Low Volatili
IDHQ,Invesco S&P International Developed Quality ETF
IDIV,U.S. Equity Cumulative Dividends Fund Series 2027 Shares
IDLB,Invesco FTSE International Low Beta Equal Weight ETF
IDLV,Invesco S&P International Developed Low Volatility ETF
IDMO,Invesco S&P International Developed Momentum ETF
IDNA,iShares Genomics Immunology and Healthcare ETF
IDOG,ALPS International Sector Dividend Dogs ETF
IDRV,iShares Self-Driving EV and Tech ETF
IDU,iShares U.S. Utilities ETF
IDV,iShares International Select Dividend ETF
IDX,VanEck Indonesia Index ETF
IECS,iShares Evolved U.S. Consumer Staples ETF
IEDI,iShares Evolved U.S. Discretionary Spending ETF
IEF,iShares 7-10 Year Treasury Bond ETF
IEFA,iShares Core MSCI EAFE ETF
IEFN,iShares Evolved U.S. Financials ETF
IEHS,iShares Evolved U.S. Healthcare Staples ETF
IEI,iShares 3-7 Year Treasury Bond ETF
IEIH,iShares Evolved U.S. Innovative Healthcare ETF
IEME,iShares Evolved U.S. Media and Entertainment ETF
IEMG,iShares Core MSCI Emerging Markets ETF
IEO,iShares U.S. Oil & Gas Exploration & Production ETF
IETC,iShares Evolved U.S. Technology ETF
IEUR,iShares Core MSCI Europe ETF
IEUS,iShares MSCI Europe Small-Cap ETF
IEV,iShares Europe ETF
IEZ,iShares U.S. Oil Equipment & Services ETF
IFGL,iShares FTSE EPRA/NAREIT Global Real Estate ex-U.S. Index Fund
IFRA,iShares U.S. Infrastructure ETF
IFV,First Trust Dorsey Wright International Focus 5 ETF
IG,Principal Investment Grade Corporate Active ETF
IGBH,iShares Interest Rate Hedged Long-Term Corporate Bond ETF
IGE,iShares North American Natural Resources ETF
IGEB,iShares Investment Grade Bond Factor ETF
IGF,iShares Global Infrastructure ETF
IGHG,ProShares Investment Grade-Interest Rate Hedged
IGIB,iShares 5-10 Year Investment Grade Corporate Bond ETF
IGLB,iShares 10  Year Investment Grade Corporate Bond ETF
IGM,iShares Expanded Tech Sector ETF
IGN,iShares North American Tech-Multimedia Networking ETF
IGOV,iShares International Treasury Bond ETF
IGRO,iShares International Dividend Growth ETF
IGSB,iShares 1-5 Year Investment Grade Corporate Bond ETF
IGV,iShares Expanded Tech-Software Sector ETF
IHAK,iShares Cybersecurity and Tech ETF
IHDG,WisdomTree International Hedged Quality Dividend Growth Fund
IHE,iShares U.S. Pharmaceutical ETF
IHF,iShares U.S. Health Care Providers ETF
IHI,iShares U.S. Medical Devices ETF
IHY,VanEck International High Yield Bond ETF
IHYF,Invesco High Yield Bond Factor ETF
IIGD,Invesco Investment Grade Defensive ETF
IIGV,Invesco Investment Grade Value ETF
IJAN,Innovator International Developed Power Buffer ETF January
IJH,iShares Core S&P Mid-Cap ETF
IJJ,iShares S&P Mid-Cap 400 Value ETF
IJK,iShares S&P Mid-Cap 400 Growth ETF
IJR,iShares Core S&P Small-Cap ETF
IJS,iShares S&P SmallCap 600 Value ETF
IJT,iShares S&P Small-Cap 600 Growth ETF
IJUL,Innovator International Developed Power Buffer ETF  July
ILCB,iShares Morningstar Large-Cap ETF
ILCG,iShares Morningstar Large-Cap Growth ETF
ILCV,iShares Morningstar Large-Cap  Value ETF
ILDR,First Trust Innovation Leaders ETF
ILF,iShares Latin America 40 ETF
ILTB,iShares Core 10  Year USD Bond ETF
IMCB,iShares Morningstar Mid-Cap ETF
IMCG,iShares Morningstar Mid-Cap Growth ETF
IMCV,iShares Morningstar Mid-Cap Value ETF
IMLP,Barclays PLC
IMOM,Alpha Architect International Quantitative Momentum ETF
IMTB,iShares Core 5-10 Year USD Bond ETF
IMTM,iShares MSCI Intl Momentum Factor ETF
INCO,Columbia India Consumer ETF
INDA,iShares MSCI India ETF
INDF,Nifty India Financials ETF
INDL,Direxion Daily MSCI India Bull 2X Shares
INDS,Pacer Benchmark Industrial Real Estate SCTR ETF
INDY,iShares S&P India Nifty 50 Index Fund
INFL,Horizon Kinetics Inflation Beneficiaries ETF
INFR,Legg Mason Global Infrastructure ETF
INKM,SPDR SSGA Income Allocation ETF
INMU,BlackRock Intermediate Muni Income Bond ETF
INTF,iShares MSCI Intl Multifactor ETF
IOO,iShares Global 100 ETF
IPAC,iShares Core MSCI Pacific ETF
IPAY,ETFMG Prime Mobile Payments ETF
IPKW,Invesco International BuyBack Achievers ETF
IPO,Renaissance IPO ETF
IPOS,Renaissance Capital Greenwich Fund
IQDE,FlexShares International Quality Dividend Defensive Index Fund
IQDF,FlexShares International Quality Dividend Index Fund
IQDG,WisdomTree International Quality Dividend Growth Fund
IQDY,FlexShares International Quality Dividend Dynamic Index Fund
IQIN,IQ 500 International ETF
IQLT,iShares MSCI Intl Quality Factor ETF
IQM,Franklin Intelligent Machines ETF
IQSI,IQ Candriam ESG International Equity ETF
IQSU,IQ Candriam ESG US Equity ETF
IRBO,iShares Robotics and Artificial Intelligence Multisector ETF
ISCB,iShares Morningstar Small-Cap ETF
ISCF,iShares MSCI Intl Small-Cap Multifactor ETF
ISCG,iShares Morningstar Small-Cap Growth ETF
ISCV,iShares Morningstar Small-Cap Value ETF
ISDX,Invesco RAFI Strategic Developed ex-US ETF
ISEM,Invesco RAFI Strategic Emerging Markets ETF
ISHG,iShares 1-3 Year International Treasury Bond ETF
ISMD,Inspire Small/Mid Cap Impact ETF
ISRA,VanEck Israel ETF
ISTB,iShares Core 1-5 Year USD Bond ETF
ISVL,iShares Trust iShares International Developed Small Cap Value 
ISZE,iShares MSCI Intl Size Factor ETF
ITA,iShares U.S. Aerospace & Defense ETF
ITAN,Sparkline Intangible Value ETF
ITB,iShares U.S. Home Construction ETF
ITEQ,BlueStar Israel Technology ETF
ITM,VanEck ETF Trust VanEck Intermediate Muni ETF
ITOT,iShares Core S&P Total U.S. Stock Market ETF
IUS,Invesco RAFI Strategic US ETF
IUSB,iShares Core Total USD Bond Market ETF
IUSG,iShares Core S&P U.S. Growth ETF
IUSS,Invesco RAFI Strategic US Small Company ETF
IUSV,iShares Core S&P U.S. Value ETF
IVAL,Alpha Architect International Quantitative Value ETF
IVDG,Invesco Focused Discovery Growth ETF
IVE,iShares S&P 500 Value ETF
IVES,Wedbush ETFMG Global Cloud Technology ETF
IVLC,Invesco US Large Cap Core ESG ETF
IVLU,iShares MSCI Intl Value Factor ETF
IVOG,Vanguard S&P Mid-Cap 400 Growth ETF
IVOL,Quadratic Interest Rate Volatility and Inflation Hedge ETF
IVOO,Vanguard S&P Mid-Cap 400 ETF
IVOV,Vanguard S&P Mid-Cap 400 Value ETF
IVRA,Invesco Real Assets ESG ETF
IVSG,Invesco Select Growth ETF
IVV,iShares Core S&P 500 ETF
IVW,iShares S&P 500 Growth ETF
IWB,iShares Russell 1000 ETF
IWC,iShares Microcap ETF
IWD,iShares Russell 1000 Value ETF
IWDL,ETRACS 2x Leveraged US Value Factor TR ETN
IWF,iShares Russell 1000 Growth ETF
IWFH,iShares Virtual Work and Life Multisector ETF
IWFL,ETRACS 2x Leveraged US Growth Factor TR ETN
IWL,iShares Russell Top 200 ETF
IWM,iShares Russell 2000 ETF
IWML,ETRACS 2x Leveraged US Size Factor TR ETN
IWN,iShares Russell 2000 Value ETF
IWO,iShares Russell 2000 Growth ETF
IWP,iShares Russell Midcap Growth ETF
IWR,iShares Russell Mid-Cap ETF
IWS,iShares Russell Mid-Cap Value ETF
IWV,iShares Russell 3000 ETF
IWX,iShares Russell Top 200 Value ETF
IWY,iShares Russell Top 200 Growth ETF
IXC,iShares Global Energy ETF
IXG,iShares Global Financial ETF
IXJ,iShares Global Healthcare ETF
IXN,iShares Global Tech ETF
IXP,iShares Global Comm Services ETF
IXSE,WisdomTree India ex-State-Owned Enterprises Fund
IXUS,iShares Core MSCI Total International Stock ETF
IYC,iShares U.S. Consumer Discretionary ETF
IYE,iShares U.S. Energy ETF
IYF,iShares U.S. Financial ETF
IYG,iShares U.S. Financial Services ETF
IYH,iShares U.S. Healthcare ETF
IYJ,iShares U.S. Industrials ETF
IYK,iShares U.S. Consumer Staples ETF
IYLD,iShares Morningstar Multi-Asset Income ETF
IYM,iShares U.S. Basic Materials ETF
IYR,iShares U.S. Real Estate ETF
IYT,iShares Trust iShares U.S. Transportation ETF
IYW,iShares U.S. Technology ETF
IYY,iShares Dow Jones U.S. ETF
IYZ,iShares U.S. Telecommunications ETF
IZRL,ARK Israel Innovative Technology ETF
JAAA,Janus Henderson AAA CLO ETF
JAGG,JPMorgan U.S. Aggregate Bond ETF
JANZ,TrueShares Structured Outcome (January) ETF
JCPB,JPMorgan Core Plus Bond ETF
JCTR,JPMorgan Carbon Transition U.S. Equity ETF
JDIV,JPMorgan U.S. Dividend ETF
JDST,Direxion Daily Junior Gold Miners Index Bear 2X Shares
JEMA,JPMorgan ActiveBuilders Emerging Markets Equity ETF
JEPI,JPMorgan Equity Premium Income ETF
JETS,U.S. Global Jets ETF
JFWD,Jacob Funds Inc. Jacob Forward ETF
JGLD,Amplify Pure Junior Gold Miners ETF
JHCB,John Hancock Corporate Bond ETF
JHCS,John Hancock Multifactor Media and Communications ETF
JHEM,John Hancock Multifactor Emerging Markets ETF
JHMA,John Hancock Multifactor Materials ETF
JHMC,John Hancock Multifactor Consumer Discretionary ETF
JHMD,John Hancock Exchange-Traded Fund Trust John Hancock Multifact
JHME,John Hancock Multifactor Energy ETF
JHMF,John Hancock Multifactor Financials ETF
JHMH,John Hancock Multifactor Healthcare ETF
JHMI,John Hancock Multifactor Industrials ETF
JHML,John Hancock Multifactor Large Cap ETF
JHMM,John Hancock Multifactor Mid Cap ETF
JHMS,John Hancock Multifactor Consumer Staples ETF
JHMT,John Hancock Multifactor Technology ETF
JHMU,John Hancock Multifactor Utilities ETF
JHSC,John Hancock Multifactor Small Cap ETF
JIDA,JPMorgan ActiveBuilders International Equity ETF
JIG,JPMorgan International Growth ETF
JIGB,JPMorgan Corporate Bond Research Enhanced ETF
JJA,Barclays PLC
JJC,Barclays PLC
JJE,Barclays PLC
JJG,Barclays PLC
JJM,Barclays PLC
JJN,Barclays PLC
JJP,Barclays PLC
JJS,Barclays PLC
JJT,Barclays PLC
JJU,Barclays PLC
JMBS,Janus Henderson Mortgage-Backed Securities ETF
JMIN,JPMorgan U.S. Minimum Volatility ETF
JMOM,JPMorgan U.S. Momentum Factor ETF
JMST,JPMorgan Ultra-Short Municipal Income ETF
JMUB,JPMorgan Municipal ETF
JNK,SPDR Bloomberg High Yield Bond ETF
JNUG,Direxion Daily Junior Gold Miners Index Bull 2X Shares
JO,Barclays PLC
JOET,Virtus Terranova U.S. Quality Momentum ETF
JOYY,Infusive US Trust ETF Infusive Compounding Global Equities ETF
JPEM,JPMorgan Diversified Return Emerging Markets Equity ETF
JPHY,JPMorgan Research Enhanced High Yield ETF
JPIB,J.P. Morgan Exchange-Traded Fund Trust JPMorgan International 
JPIN,JPMorgan Diversified Return International Equity ETF
JPMB,JPMorgan USD Emerging Markets Sovereign Bond ETF
JPME,JPMorgan Diversified Return U.S. Mid Cap Equity ETF
JPN,Xtrackers Japan JPX-Nikkei 400 Equity ETF
JPSE,JPMorgan Diversified Return U.S. Small Cap Equity ETF
JPST,JPMorgan Ultra-Short Income ETF
JPUS,JPMorgan Diversified Return U.S. Equity ETF
JPXN,iShares JPX-Nikkei 400 ETF
JQUA,JPMorgan U.S. Quality Factor ETF
JRE,Janus Henderson U.S. Real Estate ETF
JSCP,JPMorgan Short Duration Core Plus ETF
JSMD,Janus Henderson Small/Mid Cap Growth Alpha ETF
JSML,Janus Henderson Small Cap Growth Alpha ETF
JSTC,Adasina Social Justice All Cap Global ETF
JULZ,TrueShares Structured Outcome (July) ETF
JUSA,JPMorgan ActiveBuilders U.S. Large Cap Equity ETF
JUST,Goldman Sachs JUST U.S. Large Cap Equity ETF
JVAL,JPMorgan U.S. Value Factor ETF
JXI,iShares Global Utilities ETF
KALL,KraneShares MSCI All China Index ETF
KAPR,Innovator U.S. Small Cap Power Buffer ETF - April
KARS,KraneShares Electric Vehicles and Future Mobility Index ETF
KBA,KraneShares Bosera MSCI China A ETF
KBE,SPDR S&P Bank ETF
KBND,KraneShares Bloomberg China Bond Inclusion Index ETF
KBUY,KraneShares CICC China Consumer Leaders Index ETF
KBWB,Invesco KBW Bank ETF
KBWD,Invesco KBW High Dividend Yield Financial ETF
KBWP,Invesco KBW Property & Casualty Insurance ETF
KBWR,Invesco KBW Regional Banking ETF
KBWY,Invesco KBW Premium Yield Equity REIT ETF
KCE,SPDR S&P Capital Markets ETF
KEJI,Global X China Innovation ETF
KEMQ,KraneShares Emerging Markets Consumer Technology Index ETF
KEMX,KraneShares MSCI Emerging Markets ex China Index ETF
KESG,KraneShares MSCI China ESG Leaders Index ETF
KFVG,KraneShares Trust KraneShares CICC China 5G and Semiconductor 
KFYP,KraneShares CICC China Leaders 100 Index ETF
KGRN,KraneShares MSCI China Clean Technology Index ETF
KIE,SPDR S&P Insurance ETF
KJAN,Innovator U.S. Small Cap Power Buffer ETF - January
KJUL,Innovator U.S. Small Cap Power Buffer ETF - July
KLCD,KFA Large Cap Quality Dividend Index ETF
KLDW,Knowledge Leaders Developed World ETF
KLNE,Direxion Daily Global Clean Energy Bull 2X Shares
KMED,KraneShares Trust KraneShares Emerging Markets Healthcare Inde
KMLM,KFA Mount Lucas Index Strategy ETF
KNG,FT Cboe Vest S&P 500 Dividend Aristocrats Target Income ETF
KNGS,UPHOLDINGS Compound Kings ETF
KOCG,FIS Knights of Columbus Global Belief ETF
KOCT,Innovator U.S. Small Cap Power Buffer ETF - October
KOIN,Capital Link NextGen Protocol ETF
KOKU,Xtrackers MSCI Kokusai Equity ETF
KOLD,ProShares UltraShort Bloomberg Natural Gas
KOMP,SPDR S&P Kensho New Economies Composite ETF
KONG,ETF Opportunities Trust Formidable Fortress ETF
KORP,American Century Diversified Corporate Bond ETF
KORU,Direxion Daily South Korea Bull 3X Shares
KRBN,KraneShares Global Carbon ETF
KRE,SPDR S&P Regional Banking ETF
KRMA,Global X Conscious Companies ETF
KROP,Global X AgTech & Food Innovation ETF
KSA,iShares Trust iShares MSCI Saudi Arabia ETF
KSCD,KFA Small Cap Quality Dividend Index ETF
KSTR,KraneShares SSE STAR Market 50 Index ETF
KURE,KraneShares MSCI All China Health Care Index ETF
KVLE,KraneShares Trust KFA Value Line Dynamic Core Equity Index ETF
KWEB,KraneShares Trust KraneShares CSI China Internet ETF
KWT,iShares Trust iShares MSCI Kuwait ETF
KXI,iShares Global Consumer Staples ETF
LABD,Direxion Daily S&P Biotech Bear 3x Shares
LABU,Direxion Daily S&P Biotech Bull 3x Shares
LBAY,Leatherback Long/Short Alternative Yield ETF
LBJ,Direxion Daily Latin America Bull 2X Shares
LCG,Sterling Capital Focus Equity ETF
LCR,Leuthold Core ETF
LCTD,BlackRock World ex U.S. Carbon Transition Readiness ETF
LCTU,BlackRock U.S. Carbon Transition Readiness ETF
LD,Barclays PLC
LDEM,iShares ESG MSCI EM Leaders ETF
LDSF,First Trust Low Duration Strategic Focus ETF
LDUR,PIMCO Enhanced Low Duration Active Exchange-Traded Fund
LEAD,Siren DIVCON Leaders Dividend ETF
LEGR,First Trust Indxx Innovative Transaction & Process ETF
LEMB,iShares J.P. Morgan EM Local Currency Bond
LEXI,Alexis Practical Tactical ETF
LFEQ,VanEck Long/Flat Trend ETF
LGBT,LGBTQ + ESG100 ETF
LGH,HCM Defender 500 Index ETF
LGLV,SPDR SSGA US Large Cap Low Volatility Index ETF
LGOV,First Trust Long Duration Opportunities ETF
LIT,Global X Lithium & Battery Tech ETF
LIV,Emles @Home ETF
LKOR,FlexShares Trust FlexShares Credit-Scored US Long Corporate Bo
LMBS,First Trust Low Duration Opportunities ETF
LOPP,Gabelli Love Our Planet & People ETF Gabelli Love Our Planet &
LOPX,Direxion Shares ETF Trust Direxion Low Priced Stock ETF
LOUP,Innovator Loup Frontier Tech E
LOWC,SPDR MSCI ACWI Low Carbon Target ETF
LQD,iShares iBoxx $ Investment Grade Corporate Bond ETF
LQDB,iShares Trust iShares BBB Rated Corporate Bond ETF
LQDH,iShares Interest Rate Hedged Corporate Bond ETF
LQDI,iShares Inflation Hedged Corporate Bond ETF
LRGE,ClearBridge Large Cap Growth ESG ETF
LRGF,iShares MSCI USA Multifactor ETF
LRNZ,TrueShares Technology AI & Deep Learning ETF
LSAF,LeaderShares AlphaFactor US Core Equity ETF
LSLT,Pacer Salt Low truBeta US Market ETF
LSST,Natixis ETF Trust Natixis Loomis Sayles Short Duration Income 
LTL,ProShares Ultra Telecommunications ProShares
LTPZ,Pimco 15  Year U.S. TIPS Index Exchange-Traded Fund
LUXE,Emles Trust Emles Luxury Goods ETF
LVHD,Legg Mason Low Volatility High Dividend ETF
LVHI,Legg Mason International Low Volatility High Dividend ETF
LVOL,American Century Low Volatility ETF
LYFE,2ndVote Life Neutral Plus ETF
MAAX,VanEck ETF Trust VanEck Muni Allocation ETF
MAGA,Point Bridge GOP Stock Tracker ETF
MARB,First Trust Merger Arbitrage ETF
MBB,iShares MBS ETF
MBBB,VanEck Moody's Analytics BBB Corporate Bond ETF
MBND,SPDR Nuveen Municipal Bond ETF
MBOX,Freedom Day Dividend ETF
MBSD,FlexShares Trust FlexShares Disciplined Duration MBS Index Fun
MCEF,First Trust Municipal CEF Income Opportunity ETF
MCHI,iShares MSCI China ETF
MCRO,IQ Hedge Macro Tracker ETF
MDIV,Multi-Asset Diversified Income Index Fund
MDY,SPDR MidCap Trust Series I
MDYG,SPDR S&P 400 Mid Cap Growth ETF (based on S&P MidCap 400 Growt
MDYV,SPDR S&P 400 Mid Cap Value ETF (based on S&P MidCap 400 Value 
MEAR,BlackRock Short Maturity Municipal Bond ETF
META,Roundhill Ball Metaverse ETF
MEXX,Direxion Daily MSCI Mexico Bull 3X Shares
MFDX,PIMCO Equitiy Series PIMCO RAFI Dynamic Multi-Factor Internati
MFEM,PIMCO Equitiy Series PIMCO RAFI Dynamic Multi-Factor Emerging 
MFMS,Motley Fool Small-Cap Growth ETF
MFUS,PIMCO Equitiy Series PIMCO RAFI Dynamic Multi-Factor U.S. Equi
MGC,Vanguard Mega Cap ETF
MGK,Vanguard Mega Cap Growth ETF
MGMT,Ballast Small/Mid Cap ETF
MGV,Vanguard Mega Cap Value ETF
MID,American Century Mid Cap Growth Impact ETF
MIDE,Xtrackers S&P MidCap 400 ESG ETF
MIDF,iShares MSCI USA Mid-Cap Multifactor ETF
MIDU,Direxion Mid Cap Bull 3X Shares
MIG,VanEck Moody's Analytics IG Corporate Bond ETF
MILN,Global X Millennial Consumer ETF
MINC,AdvisorShares Newfleet Multi-Sector Income ETF
MINT,PIMCO Enhanced Short Maturity Active Exchange-Traded Fund
MJ,ETFMG Alternative Harvest ETF
MJJ,MicroSectors Cannabis ETNs
MJO,MicroSectors Cannabis 2X Leveraged ETNs
MJXL,ETFMG 2x Daily Alternative Harvest ETF
MLN,VanEck ETF Trust VanEck Long Muni ETF
MLPA,Global X MLP ETF
MLPB,UBS AG
MLPO,Credit Suisse AG
MLPR,ETRACS Quarterly Pay 1.5X Leveraged Alerian MLP Index ETN
MLPX,Global X MLP & Energy Infrastructure ETF
MMIN,IQ MacKay Municipal Insured ETF 
MMIT,IQ MacKay Municipal Intermediate ETF
MMLG,First Trust Multi-Manager Large Growth ETF
MMTM,SPDR S&P 1500 Momentum Tilt ETF
MNA,IQ Merger Arbitrage ETF
MOAT,VanEck Morningstar Wide Moat ETF
MOO,VanEck Agribusiness ETF 
MOON,Direxion Moonshot Innovators ETF
MORT,VanEck Mortgage REIT Income ETF
MOTI,VanEck Morningstar International Moat ETF
MOTO,SmartETFs Smart Transportation & Technology ETF
MRAD,SmartETFs Advertising & Marketing Technology ETF
MRGR,ProShares Merger ETF
MRSK,Toews Agility Shares Managed Risk ETF
MSOS,AdvisorShares Trust AdvisorShares Pure US Cannabis ETF
MSVX,LHA Market State Alpha Seeker ETF
MTGP,WisdomTree Mortgage Plus Bond Fund
MTUL,ETRACS 2x Leveraged MSCI US Momentum Factor TR ETN
MTUM,iShares MSCI USA Momentum Factor ETF
MUB,iShares National Muni Bond ETF
MUNI,PIMCO Intermediate Municipal Bond Active Exchange-Traded Fund
MUSI,American Century Multisector Income ETF
MUST,Columbia Multi-Sector Municipal Income ETF
MVP,Roundhill Pro Sports Media & Apparel ETF
MVPS,Amplify ETF Trust Amplify Thematic All-Stars ETF
MVRL,ETRACS Monthly Pay 1.5X Leveraged Mortgage REIT ETN
MVV,ProShares Ultra MidCap400
MXDU,Nationwide Maximum Diversification U.S. Core Equity ETF
MXI,iShares Global Materials ETF
MYY,ProShares Short MidCap400
MZZ,ProShares UltraShort MidCap400
NACP,Impact Shares Trust I Impact Shares NAACP Minority Empowerment
NAIL,Direxion Daily Homebuilders & Supplies Bull 3X Shares
NANR,SPDR S&P North American Natural Resources ETF
NAPR,Innovator Growth-100 Power Buffer ETF - April
NDVG,Nuveen Dividend Growth ETF
NEAR,BlackRock Short Maturity Bond ETF
NERD,Roundhill BITKRAFT Esports & Digital Entertainment ETF
NETL,NETLease Corporate Real Estate ETF
NFLT,Virtus Newfleet Multi-Sector Bond ETF
NFRA,FlexShares STOXX Global Broad Infrastructure Index Fund
NFTY,First Trust India NIFTY 50 Equal Weight ETF
NGE,Global X MSCI Nigeria ETF
NIB,Barclays PLC
NIFE,Direxion Fallen Knives ETF
NJAN,Innovator Growth-100 Power Buffer ETF - January
NJUL,Innovator Growth-100 Power Buffer ETF - July
NLR,VanEck Uranium   Nuclear Energy ETF 
NOBL,ProShares S&P 500 Dividend Aristocrats ETF
NOCT,Innovator Growth-100 Power Buffer ETF- October
NORW,Global X MSCI Norway ETF
NRGD,Bank Of Montreal
NRGU,Bank Of Montreal
NSCS,Nuveen Small Cap Select ETF
NTSE,WisdomTree Trust WisdomTree Emerging Markets Efficient Core Fu
NTSI,WisdomTree Trust WisdomTree International Efficient Core Fund
NTSX,WisdomTree U.S. Efficient Core Fund
NUAG,Nuveen Enhanced Yield U.S. Aggregate Bond ETF
NUBD,Nuveen ESG U.S. Aggregate Bond ETF
NUDM,Nuveen ESG International Developed Markets Equity ETF
NUEM,Nuveen ESG Emerging Markets Equity ETF
NUGT,Direxion Daily Gold Miners Index Bull 2XShares
NUHY,Nuveen ESG High Yield Corporate Bond ETF
NULC,Nuveen ESG Large-Cap ETF
NULG,Nuveen ESG Large-Cap Growth ETF
NULV,Nuveen ESG Large-Cap Value ETF
NUMG,Nuveen ESG Mid-Cap Growth ETF
NUMV,Nuveen ESG Mid-Cap Value ETF
NURE,Nuveen Short-Term REIT ETF
NUSA,Nuveen Enhanced Yield 1-5 Year U.S. Aggregate Bond ETF
NUSC,Nuveen ESG Small-Cap ETF
NUSI,Nationwide Risk-Managed Income ETF
NVQ,QRAFT AI-Enhanced US Next Value ETF
NWLG,Nuveen Winslow Large-Cap Growth ESG ETF
NXTG,First Trust Indxx NextG ETF
NYF,iShares New York Muni Bond ETF
OBOR,KraneShares MSCI One Belt One Road Index ETF
OCIO,ETF Series Solutions Trust ETF
OCTZ,TrueShares Structured Outcome (October) ETF
OEF,iShares S&P 100 ETF
OEUR,OShares Europe Quality Dividend ETF
OGIG,O'Shares Global Internet Giants ETF
OIH,VanEck Oil Services ETF
OIL,iPath Series B S&P GSCI Crude Oil Total Return Index ETN
OILK,ProShares K-1 Free Crude Oil Strategy ETF
OMFL,Invesco Exchange-Traded Self-Indexed Fund Trust Invesco Russel
OMFS,Invesco Exchange-Traded Self-Indexed Fund Trust Invesco Russel
ONEO,SPDR Russell 1000 Momentum Focus ETF
ONEQ,Fidelity Nasdaq Composite Index ETF
ONEV,SPDR Russell 1000 Low Volatility Focus ETF
ONEY,SPDR Russell 1000 Yield Focus ETF
ONLN,ProShares Online Retail ETF
ONOF,Global X Adaptive U.S. Risk Management ETF
OOTO,Direxion Daily Travel & Vacation Bull 2X Shares
OPER,ETF Series Solutions ETF ClearShares Ultra-Short Maturity ETF
OPPX,Corbett Road Tactical Opportunity ETF
OSCV,Opus Small Cap Value ETF
OUNZ,Vaneck Merk Gold Trust
OUSA,OShares U.S. Quality Dividend ETF
OUSM,OShares U.S. Small-Cap Quality Dividend ETF
OVB,Overlay Shares Core Bond ETF
OVF,Overlay Shares Foreign Equity ETF
OVL,Overlay Shares Large Cap Equity ETF
OVLH,Overlay Shares Hedged Large Cap Equity ETF
OVM,Overlay Shares Municipal Bond ETF
OVS,Overlay Shares Small Cap Equity ETF
OVT,Overlay Shares Short Term Bond ETF
OWNS,Impact Shares Affordable Housing MBS ETF
PAB,PGIM Active Aggregate Bond ETF
PAK,Global X MSCI Pakistan ETF
PALC,Pacer Lunt Large Cap Multi-Factor Alternator ETF
PALL,Aberdeen Standard Physical Palladium Shares ETF
PAMC,Pacer Lunt MidCap Multi-Factor Alternator ETF
PAPR,Innovator U.S. Equity Power Buffer ETF - April
PAUG,Innovator U.S. Equity Power Buffer ETF - August
PAVE,Global X Funds Global X U.S. Infrastructure Development ETF
PAWZ,ProShares Pet Care ETF
PBD,Invesco Global Clean Energy ETF
PBDM,Invesco PureBeta FTSE Developed ex-North America ETF
PBE,Invesco Dynamic Biotech & Genome ETF
PBEE,Invesco PureBeta FTSE Emerging Markets ETF
PBJ,Invesco Dynamic Food & Beverage ETF
PBND,Invesco PureBeta US Aggregate Bond ETF
PBP,Invesco S&P 500 BuyWrite ETF
PBS,Invesco Dynamic Media ETF
PBSM,Invesco PureBeta MSCI USA Small Cap ETF
PBTP,Invesco PureBeta 0-5 Yr US TIPS ETF
PBUG,Pacer iPath Gold Trendpilot Exchange-Traded Notes
PBUS,Invesco PureBeta MSCI USA ETF
PBW,Invesco WilderHill Clean Energy ETF
PCEF,Invesco CEF Income Composite ETF
PCY,Invesco Emerging Markets Sovereign Debt ETF
PDBC,Invesco Optimum Yield Diversified Commodity Strategy No K-1 ET
PDEC,Innovator U.S. Equity Power Buffer ETF - December
PDEV,Principal International Multi-Factor ETF
PDN,Invesco FTSE RAFI Developed Markets ex-U.S. Small-Mid ETF
PDP,Invesco DWA Momentum ETF
PEJ,Invesco Dynamic Leisure and Entertainment ETF
PEX,ProShares Global Listed Private Equity ETF
PEXL,Pacer US Export Leaders ETF
PEY,Invesco High Yield Equity Dividend Achievers ETF
PEZ,Invesco DWA Consumer Cyclicals Momentum ETF
PFEB,Innovator U.S. Equity Power Buffer ETF - February
PFF,iShares Preferred and Income Securities ETF
PFFA,Virtus InfraCap U.S. Preferred Stock ETF
PFFD,Global X U.S. Preferred ETF
PFFL,UBS AG
PFFR,ETFIS Series Trust I ETF
PFFV,Global X Variable Rate Preferred ETF
PFI,Invesco DWA Financial Momentum ETF
PFIG,Invesco Fundamental Investment Grade Corporate Bond  ETF
PFIX,Simplify Interest Rate Hedge ETF
PFM,Invesco Dividend Achievers ETF
PFUT,Putnam Sustainable Future ETF
PFXF,VanEck Preferred Securities ex Financials ETF
PGAL,Global X MSCI Portugal ETF
PGF,Invesco Financial Preferred ETF
PGHY,Invesco Global Short Term High Yield Bond ETF
PGJ,Invesco Golden Dragon China ETF
PGM,Barclays PLC
PGRO,Putnam Focused Large Cap Growth ETF
PGX,Invesco Preferred ETF
PHB,Invesco Fundamental High Yield Corporate Bond ETF
PHDG,Invesco S&P 500 Downside Hedged ETF
PHO,Invesco Water Resources ETF
PHYL,PGIM Active High Yield Bond ETF
PHYS,Sprott Physical Gold Trust ETV
PICB,Invesco International Corporate Bond ETF
PICK,iShares MSCI Global Select Metals & Mining Producers Fund
PID,Invesco International Dividend Achievers ETF
PIE,Invesco DWA Emerging Markets Momentum ETF
PILL,Direxion Daily Pharmaceutical & Medical Bull 3X Shares
PIN,Invesco India ETF
PIO,Invesco Global Water ETF
PIZ,Invesco DWA Developed Markets Momentum ETF
PJAN,Innovator U.S. Equity Power Buffer ETF - January
PJP,Invesco Dynamic Pharmaceuticals ETF
PJUL,Innovator U.S. Equity Power Buffer ETF - July
PJUN,Innovator U.S. Equity Power Buffer ETF - June
PKB,Invesco Dynamic Building & Construction ETF
PKW,Invesco BuyBack Achievers ETF
PLAT,WisdomTree Growth Leaders Fund
PLDR,Putnam Sustainable Leaders ETF
PLRG,Principal U.S. Large-Cap Adaptive Multi-Factor ETF
PLTL,Principal U.S. Small-Cap Adaptive Multi-Factor ETF
PLTM,GraniteShares Platinum Shares ETF
PLW,Invesco 1-30 Laddered Treasury ETF
PMAR,Innovator U.S. Equity Power Buffer ETF - March
PMAY,Innovator U.S. Equity Power Buffer ETF - May
PNOV,Innovator U.S. Equity Power Buffer ETF - November
PNQI,Invesco NASDAQ Internet ETF
POCT,Innovator U.S. Equity Power Buffer ETF - October
POTX,Global X Cannabis ETF
PPA,Invesco Aerospace & Defense ETF
PPH,VanEck Pharmaceutical ETF
PPLT,Aberdeen Standard Physical Platinum Shares ETF
PPTY,U.S. Diversified Real Estate ETF
PQDI,Principal Spectrum Tax-Advantaged Dividend Active ETF
PQIN,PGIM QMA Strategic Alpha International Equity ETF
PREF,Principal Spectrum Preferred Securities Active ETF
PRF,Invesco FTSE RAFI US 1000 ETF
PRFZ,Invesco FTSE RAFI US 1500 Small-Mid ETF
PRN,Invesco DWA Industrials Momentum ETF
PRNT,3D Printing (The) ETF
PSC,Principal U.S. Small-Cap Multi-Factor ETF
PSCC,Invesco S&P SmallCap Consumer Staples ETF
PSCD,Invesco S&P SmallCap Consumer Discretionary ETF
PSCE,Invesco S&P SmallCap Energy ETF
PSCF,Invesco S&P SmallCap Financials ETF
PSCH,Invesco S&P SmallCap Health Care ETF
PSCI,Invesco S&P SmallCap Industrials ETF
PSCM,Invesco S&P SmallCap Materials ETF
PSCT,Invesco S&P SmallCap Information Technology ETF
PSCU,Invesco S&P SmallCap Utilities & Communication Services ETF
PSCX,Pacer Swan SOS Conservative (December) ETF
PSEP,Innovator U.S. Equity Power Buffer ETF - September
PSET,Principal Quality ETF
PSFD,Pacer Funds ETF
PSFF,Pacer Swan SOS Fund of Funds ETF
PSI,Invesco Dynamic Semiconductors ETF
PSJ,Invesco Dynamic Software ETF
PSK,SPDR ICE Preferred Securities ETF
PSL,Invesco DWA Consumer Staples Momentum ETF
PSLV,Sprott Physical Silver Trust ETV
PSMB,Invesco Balanced Multi-Asset Allocation ETF
PSMC,Invesco Conservative Multi-Asset Allocation ETF
PSMD,Pacer Swan SOS Moderate (December) ETF
PSMG,Invesco Growth Multi-Asset Allocation ETF
PSMM,Invesco Moderately Conservative Multi-Asset Allocation ETF
PSP,Invesco Global Listed Private Equity ETF
PSQ,ProShares Short QQQ
PSR,Invesco Active U.S. Real Estate Fund
PST,ProShares UltraShort Lehman 7-10 Year Treasury
PSY,Defiance Next Gen Altered Experience ETF
PTBD,Pacer Trendpilot US Bond ETF
PTEU,Pacer TrendpilotTM European Index ETF
PTF,Invesco DWA Technology Momentum ETF
PTH,Invesco DWA Healthcare Momentum ETF
PTIN,Pacer Trendpilot International ETF
PTLC,Pacer Fund Trust Pacer Trendpilot US Large Cap ETF
PTMC,Pacer Trendpilot US Mid Cap ETF
PTNQ,Pacer Trendpilot 100 ETF
PUI,Invesco DWA Utilities Momentum ETF
PULS,PGIM Ultra Short Bond ETF
PUTW,WisdomTree CBOE S&P 500 PutWrite Strategy Fund
PVAL,Putnam Focused Large Cap Value ETF
PVI,Invesco VRDO Tax-Free ETF
PWB,Invesco Dynamic Large Cap Growth ETF
PWC,Invesco Dynamic Market ETF
PWS,Pacer WealthShield ETF
PWV,Invesco Dynamic Large Cap Value ETF
PWZ,Invesco California AMT-Free Municipal Bond Portfolio
PXE,Invesco Dynamic Energy Exploration &Production ETF
PXF,Invesco FTSE RAFI Developed Markets ex-U.S. ETF
PXH,Invesco FTSE RAFI Emerging Markets ETF
PXI,Invesco DWA Energy Momentum ETF
PXJ,Invesco Dynamic Oil & Gas Services ETF
PXQ,Invesco Dynamic Networking ETF
PXUS,Principal International Adaptive Multi-Factor ETF
PY,Principal Value ETF
PYPE,UBS AG
PYZ,Invesco DWA Basic Materials Momentum ETF
PZA,Invesco National AMT-Free Municipal Bond ETFo
PZT,Invesco New York AMT-Free Municipal Bond ETF
QABA,First Trust NASDAQ ABA Community Bank Index Fund
QAI,IQ Hedge MultiIQ Hedge Multi-Strategy Tracker ETF
QARP,Xtrackers Russell 1000 US Quality at a Reasonable Price ETF ET
QAT,iShares MSCI Qatar ETF
QCLN,First Trust NASDAQ Clean Edge Green Energy Index Fund
QCLR,Global X Nasdaq 100 Collar 95-110 ETF
QCON,American Century ETF Trust American Century Quality Convertibl
QDEC,FT Cboe Vest Nasdaq-100 Buffer ETF December
QDEF,FlexShares Quality Dividend Defensive Index Fund
QDF,FlexShares Quality Dividend Index Fund
QDIV,Global X S&P 500 Quality Dividend ETF
QDPL,Pacer Metaurus US Large Cap Dividend Multiplier 400 ETF
QDYN,FlexShares Quality Dynamic Index Fund
QED,IQ Hedge Event-Driven Tracker ETF
QEFA,SPDR MSCI EAFE StrategicFactors ETF
QEMM,SPDR MSCI Emerging Markets StrategicFactors ETF
QGRO,American Century STOXX U.S. Quality Growth ETF
QID,ProShares UltraShort QQQ
QINT,American Century Quality Diversified International ETF
QLC,FlexShares Trust FlexShares US Quality Large Cap Index Fund
QLD,ProShares Ultra QQQ
QLS,IQ Hedge Long Short Tracker ETF
QLTA,iShares Aaa A Rated Corporate Bond ETF
QLV,FlexShares US Quality Low Volatility Index Fund
QLVD,FlexShares Developed Markets ex-US Quality Low Volatility Inde
QLVE,FlexShares Emerging Markets  Quality Low Volatility Index Fund
QMN,IQ Hedge Market Neutral Tracker ETF
QMOM,Alpha Architect U.S. Quantitative Momentum ETF
QPFF,American Century ETF Trust American Century Quality Preferred 
QQC,Simplify Nasdaq 100 PLUS Convexity ETF
QQD,Simplify Nasdaq 100 PLUS Downside Convexity ETF
QQEW,First Trust NASDAQ-100 Equal Weighted Index Fund
QQH,HCM Defender 100 Index ETF
QQQ,Invesco QQQ Trust Series 1
QQQA,ProShares Nasdaq-100 Dorsey Wright Momentum ETF
QQQE,Direxion NASDAQ-100 Equal Weighted Index Shares
QQQJ,Invesco NASDAQ Next Gen 100 ETF
QQQM,Invesco NASDAQ 100 ETF
QQQN,VictoryShares Nasdaq Next 50 ETF
QQXT,First Trust NASDAQ-100 Ex-Technology Sector Index Fund
QRFT,QRAFT AI-Enhanced U.S. Large Cap ETF
QRMI,Global X Nasdaq 100 Risk Managed Income ETF
QSY,WisdomTree U.S. Quality Shareholder Yield Fund
QTEC,First Trust NASDAQ-100-Technology Sector Index Fund
QTR,Global X Nasdaq 100 Tail Risk ETF
QTUM,Defiance Quantum ETF
QUAL,iShares MSCI USA Quality Factor ETF
QULL,ETRACS 2x Leveraged MSCI US Quality Factor TR ETN
QUS,SPDR MSCI USA StrategicFactors ETF
QVAL,Alpha Architect U.S. Quantitative Value ETF
QVML,Invesco S&P 500 QVM Multi-factor ETF
QVMM,Invesco S&P MidCap 400 QVM Multi-factor ETF
QVMS,Invesco S&P SmallCap 600 QVM Multi-factor ETF
QWLD,SPDR MSCI World StrategicFactors ETF
QYLD,Global X NASDAQ-100 Covered Call ETF
QYLG,Global X Nasdaq 100 Covered Call & Growth ETF
RAAX,VanEck Inflation Allocation ETF
RAFE,PIMCO RAFI ESG U.S. ETF
RALS,ProShares RAFI Long Short ETF
RAVI,FlexShares Ready Access Variable Income Fund
RAYC,Rayliant Quantamental China Equity ETF
RBIN,Nationwide Risk-Based International Equity ETF
RBND,SPDR Bloomberg SASB Corporate Bond ESG Select ETF
RBUS,Nationwide Risk-Based U.S. Equity ETF
RCD,Invesco S&P 500 Equal Weight Consumer Discretionary ETF
RDFI,Rareview Dynamic Fixed Income ETF
RDIV,Invesco Exchange-Traded Fund Trust II Invesco S&P Ultra Divide
RDOG,ALPS ETF Trust ALPS REIT Dividend Dogs ETF
RDVY,First Trust Rising Dividend Achievers ETF
RECS,Columbia Research Enhanced Core ETF
REET,iShares Trust iShares Global REIT ETF
REGL,ProShares S&P MidCap 400 Dividend Aristocrats ETF
REIT,ALPS Active REIT ETF
REK,ProShares Short Real Estate
REM,iShares Trust iShares Mortgage Real Estate ETF
REML,Credit Suisse AG
REMX,VanEck Rare Earth/Strategic Metals ETF 
RESD,WisdomTree International ESG Fund
RESE,WisdomTree Emerging Markets ESG Fund